{
  "language_info": {
    "code": "zho_Hans",
    "name": "Mandarin (Simplified)",
    "family": "Isolating",
    "description": "Mandarin has minimal morphology. Most words are monomorphemic, and grammatical relationships are expressed through word order and particles."
  },
  "metrics": {
    "perplexity": 30.50558090209961,
    "bpc": 2.7499424635658007,
    "gzip_ratio": 1.1161898673485695,
    "entropy": 3.66049252097915,
    "tokenizer_stats": {
      "avg_tokens": 38.04,
      "tokens_per_char": 0.8045685279187818,
      "avg_char_length": 47.28
    }
  },
  "sentence_count": 50,
  "sample_sentences": [
    "\u5468\u4e00\uff0c\u65af\u5766\u798f\u5927\u5b66\u533b\u5b66\u9662\u7684\u79d1\u5b66\u5bb6\u5ba3\u5e03\uff0c\u4ed6\u4eec\u53d1\u660e\u4e86\u4e00\u79cd\u53ef\u4ee5\u5c06\u7ec6\u80de\u6309\u7c7b\u578b\u5206\u7c7b\u7684\u65b0\u578b\u8bca\u65ad\u5de5\u5177\uff1a\u4e00\u79cd\u53ef\u6253\u5370\u7684\u5fae\u578b\u82af\u7247\u3002\u8fd9\u79cd\u82af\u7247\u53ef\u4ee5\u4f7f\u7528\u6807\u51c6\u55b7\u58a8\u6253\u5370\u673a\u5236\u9020\uff0c\u6bcf\u7247\u4ef7\u683c\u53ef\u80fd\u5728\u4e00\u7f8e\u5206\u5de6\u53f3\u3002",
    "\u4e3b\u8981\u7814\u7a76\u4eba\u5458\u8868\u793a\uff0c\u8fd9\u53ef\u4ee5\u8ba9\u4f4e\u6536\u5165\u56fd\u5bb6/\u5730\u533a\u7684\u60a3\u8005\u5c3d\u65e9\u53d1\u73b0\u764c\u75c7\u3001\u80ba\u7ed3\u6838\u3001\u827e\u6ecb\u75c5\u548c\u759f\u75be\u3002\u5728\u8fd9\u4e9b\u56fd\u5bb6/\u5730\u533a\uff0c\u4e73\u817a\u764c\u7b49\u75be\u75c5\u7684\u751f\u5b58\u7387\u53ef\u80fd\u4ec5\u4e3a\u5bcc\u88d5\u56fd\u5bb6\u7684\u4e00\u534a\u3002",
    "\u5f53\u5730\u65f6\u95f4\u4e0a\u5348 9:30 \u5de6\u53f3 (UTC 0230)\uff0cJAS 39C \u9e70\u72ee\u6218\u6597\u673a\u649e\u4e0a\u8dd1\u9053\u5e76\u53d1\u751f\u7206\u70b8\uff0c\u5bfc\u81f4\u673a\u573a\u5173\u95ed\uff0c\u5546\u4e1a\u822a\u73ed\u65e0\u6cd5\u6b63\u5e38\u8d77\u964d\u3002"
  ],
  "per_sentence_losses": [
    2.6007637977600098,
    2.7815515995025635,
    3.286144733428955,
    4.628857135772705,
    4.627689361572266,
    3.4147651195526123,
    3.3162729740142822,
    3.0781850814819336,
    5.021244049072266,
    3.2189106941223145,
    3.7001073360443115,
    3.814479112625122,
    4.476916790008545,
    3.8735954761505127,
    3.1625359058380127,
    2.4827768802642822,
    3.643615245819092,
    3.4958248138427734,
    3.2664475440979004,
    3.518735885620117,
    3.940699815750122,
    5.603464603424072,
    3.8245151042938232,
    4.280865669250488,
    2.4678218364715576,
    3.4429147243499756,
    2.3180058002471924,
    3.174299716949463,
    3.121208667755127,
    3.2347617149353027,
    4.176768779754639,
    2.6475515365600586,
    3.960165500640869,
    3.935319423675537,
    3.5903778076171875,
    5.997101783752441,
    3.9511566162109375,
    3.227324962615967,
    3.7613489627838135,
    4.152134895324707,
    3.434044599533081,
    3.344071626663208,
    3.369643449783325,
    3.186580181121826,
    3.354529619216919,
    2.9226419925689697,
    3.614591121673584,
    3.4543964862823486,
    4.34689998626709,
    3.206174850463867
  ],
  "token_frequencies": {
    "1811": 48,
    "3922": 39,
    "220": 38,
    "9554": 37,
    "19000": 22,
    "35287": 15,
    "70349": 12,
    "14260": 12,
    "103601": 12,
    "16325": 11,
    "41053": 11,
    "100179": 11,
    "27384": 11,
    "105124": 10,
    "34208": 9,
    "23039": 9,
    "10110": 9,
    "101597": 9,
    "101377": 9,
    "17905": 8,
    "320": 8,
    "21043": 8,
    "79059": 8,
    "97522": 8,
    "42399": 8,
    "61786": 8,
    "101011": 7,
    "17039": 7,
    "40265": 7,
    "83266": 7,
    "8": 7,
    "105343": 7,
    "94588": 7,
    "108324": 7,
    "35304": 7,
    "66378": 7,
    "2118": 7,
    "102283": 7,
    "95337": 7,
    "56602": 7,
    "58666": 6,
    "30590": 6,
    "13646": 6,
    "21601": 6,
    "17792": 6,
    "70141": 6,
    "73325": 6,
    "105665": 6,
    "30832": 6,
    "33748": 5
  },
  "segmentation_examples": [
    {
      "original": "\u5468\u4e00\uff0c\u65af\u5766\u798f\u5927\u5b66\u533b\u5b66\u9662\u7684\u79d1\u5b66\u5bb6\u5ba3\u5e03\uff0c\u4ed6\u4eec\u53d1\u660e\u4e86\u4e00\u79cd\u53ef\u4ee5\u5c06\u7ec6\u80de\u6309\u7c7b\u578b\u5206\u7c7b\u7684\u65b0\u578b\u8bca\u65ad\u5de5\u5177\uff1a\u4e00\u79cd\u53ef\u6253\u5370\u7684\u5fae\u578b\u82af\u7247\u3002\u8fd9\u79cd\u82af\u7247\u53ef\u4ee5\u4f7f\u7528\u6807\u51c6\u55b7\u58a8\u6253\u5370\u673a\u5236\u9020\uff0c\u6bcf\u7247\u4ef7\u683c\u53ef\u80fd\u5728\u4e00\u7f8e\u5206\u5de6\u53f3\u3002",
      "tokens": [
        "\u00e5\u0133\u00a8",
        "\u00e4\u00b8\u0122",
        "\u00ef\u00bc\u012e",
        "\u00e6\u0138\u00af",
        "\u00e5\u013f\u00a6",
        "\u00e7\u00a6\u0131",
        "\u00e5\u00a4\u00a7\u00e5\u0143\u00a6",
        "\u00e5\u012e\u00bb",
        "\u00e5\u0143\u00a6\u00e9\u013b\u00a2",
        "\u00e7\u013c\u0126",
        "\u00e7\u00a7\u0133\u00e5\u0143\u00a6",
        "\u00e5\u00ae\u00b6",
        "\u00e5\u00ae\u00a3",
        "\u00e5\u00b8\u0125",
        "\u00ef\u00bc\u012e\u00e4\u00bb\u0138\u00e4\u00bb\u00ac",
        "\u00e5\u0131\u0133",
        "\u00e6\u013a\u0130",
        "\u00e4\u00ba\u0128\u00e4\u00b8\u0122",
        "\u00e7\u00a7\u012f",
        "\u00e5\u0131\u00af\u00e4\u00bb\u00a5",
        "\u00e5\u00b0\u0128",
        "\u00e7\u00bb\u0128\u00e8\u0125\u0140",
        "\u00e6\u012e\u012b",
        "\u00e7\u00b1\u00bb\u00e5\u0140\u012d",
        "\u00e5\u012a\u0128\u00e7\u00b1\u00bb",
        "\u00e7\u013c\u0126",
        "\u00e6\u0138\u00b0",
        "\u00e5\u0140\u012d",
        "\u00e8\u00af\u012c",
        "\u00e6\u0138\u0143",
        "\u00e5\u00b7\u00a5\u00e5\u0127\u00b7",
        "\u00ef\u00bc\u013c",
        "\u00e4\u00b8\u0122\u00e7\u00a7\u012f",
        "\u00e5\u0131\u00af",
        "\u00e6\u012b\u0135",
        "\u00e5\u012f\u00b0",
        "\u00e7\u013c\u0126",
        "\u00e5\u00be\u00ae",
        "\u00e5\u0140\u012d",
        "\u00e8\u012c\u00af",
        "\u00e7\u012b\u0129",
        "\u00e3\u0122\u0124",
        "\u00e8\u00bf\u013b\u00e7\u00a7\u012f",
        "\u00e8\u012c\u00af",
        "\u00e7\u012b\u0129",
        "\u00e5\u0131\u00af\u00e4\u00bb\u00a5",
        "\u00e4\u00bd\u00bf\u00e7\u0136\u00a8",
        "\u00e6\u0142\u0129\u00e5\u0129\u0128",
        "\u00e5\u0138",
        "\u00b7",
        "\u00e5\u00a2\u00a8",
        "\u00e6\u012b\u0135",
        "\u00e5\u012f\u00b0",
        "\u00e6\u013e\u00ba",
        "\u00e5\u012a\u00b6\u00e9\u0122\u0142",
        "\u00ef\u00bc\u012e\u00e6\u00af\u0131",
        "\u00e7\u012b\u0129",
        "\u00e4\u00bb\u00b7\u00e6\u0142\u00bc",
        "\u00e5\u0131\u00af\u00e8\u0125\u00bd",
        "\u00e5\u013e\u00a8",
        "\u00e4\u00b8\u0122",
        "\u00e7\u00be\u0130",
        "\u00e5\u012a\u0128",
        "\u00e5\u00b7\u00a6\u00e5\u0131\u00b3",
        "\u00e3\u0122\u0124"
      ],
      "num_tokens": 65,
      "tokens_per_char": 0.7647058823529411
    },
    {
      "original": "\u4e3b\u8981\u7814\u7a76\u4eba\u5458\u8868\u793a\uff0c\u8fd9\u53ef\u4ee5\u8ba9\u4f4e\u6536\u5165\u56fd\u5bb6/\u5730\u533a\u7684\u60a3\u8005\u5c3d\u65e9\u53d1\u73b0\u764c\u75c7\u3001\u80ba\u7ed3\u6838\u3001\u827e\u6ecb\u75c5\u548c\u759f\u75be\u3002\u5728\u8fd9\u4e9b\u56fd\u5bb6/\u5730\u533a\uff0c\u4e73\u817a\u764c\u7b49\u75be\u75c5\u7684\u751f\u5b58\u7387\u53ef\u80fd\u4ec5\u4e3a\u5bcc\u88d5\u56fd\u5bb6\u7684\u4e00\u534a\u3002",