{
  "language_info": {
    "code": "fin",
    "name": "Finnish",
    "family": "Agglutinative",
    "description": "Finnish is highly agglutinative with extensive case systems. Words can become very long through suffixation."
  },
  "metrics": {
    "perplexity": 88.58998107910156,
    "bpc": 1.6908338143397406,
    "gzip_ratio": 0.920476858345021,
    "entropy": 4.619112988206303,
    "tokenizer_stats": {
      "avg_tokens": 52.12,
      "tokens_per_char": 0.37708001736362323,
      "avg_char_length": 138.22
    }
  },
  "sentence_count": 50,
  "sample_sentences": [
    "Stanfordin yliopiston l\u00e4\u00e4ketieteen laitoksen tutkijat ilmoittivat maanantaina uuden diagnostiikkaty\u00f6kalun keksimisest\u00e4: solut tyypin mukaan lajitteleva pienenpieni tulostettava siru, joka voidaan valmistaa normaaleilla mustesuihkutulostimilla mahdollisesti noin yhden Yhdysvaltain sentin kappalehintaan.",
    "Johtavat tutkijat sanovat, ett\u00e4 sen avulla sy\u00f6p\u00e4, tuberkuloosi, HIV ja malaria voidaan todeta jo varhaisessa vaiheessa potilailla, jotka asuvat alhaisen tulotason maissa, miss\u00e4 esimerkiksi rintasy\u00f6v\u00e4n kaltaisen taudin eloonj\u00e4\u00e4misaste voi olla puolet rikkaampien maiden vastaavasta.",
    "JAS 39C Gripen t\u00f6rm\u00e4si kiitorataan noin kello 9.30 paikallista aikaa (2.30 UTC) ja r\u00e4j\u00e4hti, mink\u00e4 vuoksi lentokentt\u00e4 suljettiin kaupallisilta lennoilta."
  ],
  "per_sentence_losses": [
    3.829540729522705,
    4.102278232574463,
    3.616472005844116,
    7.611839294433594,
    5.646117210388184,
    5.093405723571777,
    5.186758518218994,
    4.514564514160156,
    4.388893127441406,
    3.8960654735565186,
    4.513523101806641,
    5.6792473793029785,
    6.630327224731445,
    4.981666564941406,
    3.6629459857940674,
    4.021920204162598,
    3.9298861026763916,
    4.27578592300415,
    4.307358264923096,
    4.394444465637207,
    5.740329742431641,
    6.251725673675537,
    4.153492450714111,
    5.425093173980713,
    5.105731010437012,
    5.442367076873779,
    3.723670721054077,
    4.100122928619385,
    3.830786943435669,
    5.987721920013428,
    4.422335147857666,
    4.941893577575684,
    5.09559440612793,
    5.627766132354736,
    4.241705894470215,
    5.708008289337158,
    4.1786980628967285,
    4.754117012023926,
    3.777597665786743,
    3.5103976726531982,
    5.502431869506836,
    3.7993571758270264,
    4.352199554443359,
    4.205650806427002,
    4.0637664794921875,
    5.0262627601623535,
    2.905036449432373,
    4.784298419952393,
    6.324106216430664,
    4.66900634765625
  ],
  "token_frequencies": {
    "2357": 76,
    "13": 59,
    "11": 47,
    "258": 46,
    "220": 39,
    "276": 34,
    "268": 34,
    "72": 27,
    "12203": 24,
    "1609": 22,
    "597": 21,
    "379": 18,
    "74": 18,
    "266": 17,
    "503": 17,
    "73": 17,
    "64": 16,
    "15492": 16,
    "689": 16,
    "259": 13,
    "33614": 13,
    "389": 13,
    "3029": 12,
    "296": 12,
    "84": 12,
    "285": 11,
    "281": 11,
    "71": 11,
    "301": 11,
    "441": 11,
    "1468": 10,
    "2852": 10,
    "4657": 10,
    "264": 10,
    "30902": 10,
    "274": 10,
    "747": 9,
    "344": 9,
    "7643": 9,
    "61227": 9,
    "2857": 9,
    "5418": 9,
    "912": 9,
    "73451": 9,
    "564": 9,
    "616": 9,
    "454": 8,
    "359": 8,
    "332": 8,
    "427": 8
  },
  "segmentation_examples": [
    {
      "original": "Stanfordin yliopiston l\u00e4\u00e4ketieteen laitoksen tutkijat ilmoittivat maanantaina uuden diagnostiikkaty\u00f6kalun keksimisest\u00e4: solut tyypin mukaan lajitteleva pienenpieni tulostettava siru, joka voidaan valmistaa normaaleilla mustesuihkutulostimilla mahdollisesti noin yhden Yhdysvaltain sentin kappalehintaan.",
      "tokens": [
        "Stan",
        "f",
        "ordin",
        "\u0120y",
        "li",
        "op",
        "iston",
        "\u0120l\u00c3\u00a4",
        "\u00c3\u00a4",
        "ket",
        "iet",
        "een",
        "\u0120la",
        "it",
        "oksen",
        "\u0120tut",
        "k",
        "ij",
        "at",
        "\u0120il",
        "mo",
        "itt",
        "iv",
        "at",
        "\u0120ma",
        "an",
        "ant",
        "aina",
        "\u0120u",
        "uden",
        "\u0120di",
        "agnost",
        "i",
        "ikk",
        "aty",
        "\u00c3\u00b6",
        "kal",
        "un",
        "\u0120ke",
        "ks",
        "im",
        "is",
        "est",
        "\u00c3\u00a4",
        ":",
        "\u0120sol",
        "ut",
        "\u0120ty",
        "yp",
        "in",
        "\u0120m",
        "uka",
        "an",
        "\u0120la",
        "jit",
        "te",
        "lev",
        "a",
        "\u0120p",
        "ienen",
        "pi",
        "eni",
        "\u0120tul",
        "ost",
        "ett",
        "ava",
        "\u0120sir",
        "u",
        ",",
        "\u0120j",
        "oka",
        "\u0120void",
        "aan",
        "\u0120val",
        "mist",
        "aa",
        "\u0120norm",
        "a",
        "ale",
        "illa",
        "\u0120must",
        "es",
        "ui",
        "hk",
        "ut",
        "ul",
        "ost",
        "im",
        "illa",
        "\u0120mah",
        "doll",
        "is",
        "esti",
        "\u0120no",
        "in",
        "\u0120y",
        "h",
        "den",
        "\u0120Y",
        "hd",
        "ys",
        "val",
        "tain",
        "\u0120sent",
        "in",
        "\u0120k",
        "app",
        "ale",
        "h",
        "inta",
        "an",
        "."
      ],
      "num_tokens": 112,
      "tokens_per_char": 0.3696369636963696
    },
    {
      "original": "Johtavat tutkijat sanovat, ett\u00e4 sen avulla sy\u00f6p\u00e4, tuberkuloosi, HIV ja malaria voidaan todeta jo varhaisessa vaiheessa potilailla, jotka asuvat alhaisen tulotason maissa, miss\u00e4 esimerkiksi rintasy\u00f6v\u00e4n kaltaisen taudin eloonj\u00e4\u00e4misaste voi olla puolet rikkaampien maiden vastaavasta.",
      "tokens": [
        "Jo",
        "ht",
        "av",
        "at",
        "\u0120tut",
        "k",
        "ij",
        "at",
        "\u0120san",
        "ovat",
        ",",
        "\u0120ett\u00c3\u00a4",
        "\u0120sen",
        "\u0120av",
        "ulla",
        "\u0120sy",
        "\u00c3\u00b6",
        "p",
        "\u00c3\u00a4",
        ",",
        "\u0120tub",
        "erk",
        "ulo",
        "osi",
        ",",
        "\u0120HIV",
        "\u0120ja",
        "\u0120malaria",
        "\u0120void",
        "aan",
        "\u0120tod",
        "eta",
        "\u0120jo",
        "\u0120var",
        "h",
        "ais",
        "essa",
        "\u0120vai",
        "he",
        "essa",
        "\u0120pot",
        "ila",
        "illa",
        ",",
        "\u0120jot",
        "ka",
        "\u0120as",
        "uv",
        "at",
        "\u0120al",
        "h",
        "ais",
        "en",
        "\u0120tul",
        "ot",
        "ason",
        "\u0120ma",
        "issa",
        ",",
        "\u0120miss",
        "\u00c3\u00a4",
        "\u0120es",
        "imer",
        "k",
        "ik",
        "si",
        "\u0120r",
        "int",
        "asy",
        "\u00c3\u00b6",
        "v",
        "\u00c3\u00a4n",
        "\u0120kal",
        "ta",
        "isen",
        "\u0120t",
        "aud",
        "in",
        "\u0120el",
        "oon",
        "j",
        "\u00c3\u00a4\u00c3\u00a4",
        "mis",
        "aste",
        "\u0120voi",
        "\u0120o",
        "lla",
        "\u0120pu",
        "olet",
        "\u0120r",
        "ik",
        "ka",
        "amp",
        "ien",
        "\u0120maiden",
        "\u0120vast",
        "a",
        "av",
        "asta",
        "."
      ],
      "num_tokens": 100,
      "tokens_per_char": 0.35587188612099646
    }
  ]
}