{
  "language_info": {
    "code": "fra",
    "name": "French",
    "family": "Fusional",
    "description": "French uses inflection to express grammatical relationships. Words change form (e.g., verb conjugations) to indicate tense, person, number, and gender."
  },
  "metrics": {
    "perplexity": 15.363834381103516,
    "bpc": 0.7729926316193009,
    "gzip_ratio": 0.901289745881752,
    "entropy": 2.716116617226085,
    "tokenizer_stats": {
      "avg_tokens": 42.52,
      "tokens_per_char": 0.2829385147724248,
      "avg_char_length": 150.28
    }
  },
  "sentence_count": 50,
  "sample_sentences": [
    "Des scientifiques de l\u2019\u00e9cole de m\u00e9decine de l\u2019universit\u00e9 de Stanford ont annonc\u00e9 ce lundi la cr\u00e9ation d'un nouvel outil de diagnostic, qui permettrait de diff\u00e9rencier les cellules en fonction de leur type. Il s'agit d'une petit puce imprimable, qui peut \u00eatre produite au moyen d'une imprimante \u00e0 jet d'encre standard, pour un co\u00fbt d'environ un cent de dollar pi\u00e8ce.",
    "Selon les chercheurs principaux, cela pourrait permettre une d\u00e9tection pr\u00e9coce du cancer, de la tuberculose, du VIH et du paludisme chez les patients des pays \u00e0 faible revenu, o\u00f9 le taux de survie \u00e0 des maladies telles que le cancer du sein peut \u00eatre deux fois moins \u00e9lev\u00e9 que dans les pays riches.",
    "Le JAS\u00a039C Gripen s\u2019est \u00e9cras\u00e9 sur une piste autour de 9\u00a0h\u00a030 heure locale (0230 UTC) et a explos\u00e9, provoquant la fermeture de l\u2019a\u00e9roport aux vols commerciaux."
  ],
  "per_sentence_losses": [
    2.0649068355560303,
    1.7584850788116455,
    2.7901875972747803,
    4.068972587585449,
    2.396618366241455,
    2.4004383087158203,
    3.062408685684204,
    2.294811725616455,
    2.3421037197113037,
    1.798986554145813,
    2.8773128986358643,
    3.0019164085388184,
    3.540161609649658,
    3.759352445602417,
    2.9850850105285645,
    2.033987045288086,
    2.5586719512939453,
    3.266366481781006,
    2.479342222213745,
    2.436884880065918,
    3.6664979457855225,
    4.370041370391846,
    3.531944990158081,
    4.688186168670654,
    2.5354535579681396,
    3.728288412094116,
    1.7054617404937744,
    2.2252893447875977,
    2.552480697631836,
    2.8319482803344727,
    2.566537618637085,
    2.4983065128326416,
    2.81899094581604,
    3.2906360626220703,
    2.7716174125671387,
    3.4009106159210205,
    3.398092269897461,
    3.4522552490234375,
    2.898158550262451,
    3.3865208625793457,
    3.537407398223877,
    2.5766377449035645,
    2.5957815647125244,
    3.2306764125823975,
    2.2157657146453857,
    2.3653409481048584,
    2.163862466812134,
    2.997109889984131,
    3.520395517349243,
    2.6540400981903076
  ],
  "token_frequencies": {
    "409": 82,
    "11": 59,
    "13": 54,
    "1208": 39,
    "220": 39,
    "978": 38,
    "264": 38,
    "514": 32,
    "3869": 29,
    "326": 24,
    "1880": 24,
    "294": 20,
    "665": 18,
    "3930": 18,
    "951": 18,
    "3625": 17,
    "519": 17,
    "4194": 16,
    "653": 15,
    "1744": 14,
    "1826": 11,
    "5019": 10,
    "8047": 10,
    "5636": 10,
    "14848": 9,
    "6316": 9,
    "1765": 9,
    "24560": 9,
    "529": 9,
    "6": 8,
    "7591": 8,
    "4046": 8,
    "7010": 8,
    "8065": 7,
    "320": 7,
    "274": 6,
    "2356": 6,
    "68": 6,
    "8921": 6,
    "1370": 6,
    "31109": 5,
    "84": 5,
    "648": 5,
    "8": 5,
    "348": 5,
    "2489": 5,
    "5553": 5,
    "16": 5,
    "265": 5,
    "17771": 5
  },
  "segmentation_examples": [
    {
      "original": "Des scientifiques de l\u2019\u00e9cole de m\u00e9decine de l\u2019universit\u00e9 de Stanford ont annonc\u00e9 ce lundi la cr\u00e9ation d'un nouvel outil de diagnostic, qui permettrait de diff\u00e9rencier les cellules en fonction de leur type. Il s'agit d'une petit puce imprimable, qui peut \u00eatre produite au moyen d'une imprimante \u00e0 jet d'encre standard, pour un co\u00fbt d'environ un cent de dollar pi\u00e8ce.",
      "tokens": [
        "Des",
        "\u0120scient",
        "if",
        "iques",
        "\u0120de",
        "\u0120l",
        "\u00e2\u0122\u013b\u00c3\u00a9",
        "cole",
        "\u0120de",
        "\u0120m\u00c3\u00a9",
        "dec",
        "ine",
        "\u0120de",
        "\u0120l",
        "\u00e2\u0122\u013bun",
        "ivers",
        "it\u00c3\u00a9",
        "\u0120de",
        "\u0120Stanford",
        "\u0120ont",
        "\u0120annon",
        "c\u00c3\u00a9",
        "\u0120ce",
        "\u0120l",
        "undi",
        "\u0120la",
        "\u0120cr\u00c3\u00a9ation",
        "\u0120d",
        "'un",
        "\u0120nouvel",
        "\u0120out",
        "il",
        "\u0120de",
        "\u0120diagnostic",
        ",",
        "\u0120qui",
        "\u0120permet",
        "trait",
        "\u0120de",
        "\u0120diff\u00c3\u00a9",
        "renc",
        "ier",
        "\u0120les",
        "\u0120cell",
        "ules",
        "\u0120en",
        "\u0120fonction",
        "\u0120de",
        "\u0120leur",
        "\u0120type",
        ".",
        "\u0120Il",
        "\u0120s",
        "'",
        "agit",
        "\u0120d",
        "'une",
        "\u0120petit",
        "\u0120p",
        "uce",
        "\u0120im",
        "prim",
        "able",
        ",",
        "\u0120qui",
        "\u0120peut",
        "\u0120\u00c3\u00aatre",
        "\u0120produ",
        "ite",
        "\u0120au",
        "\u0120moyen",
        "\u0120d",
        "'une",
        "\u0120im",
        "prim",
        "ante",
        "\u0120\u00c3\u0142",
        "\u0120jet",
        "\u0120d",
        "'en",
        "cre",
        "\u0120standard",
        ",",
        "\u0120pour",
        "\u0120un",
        "\u0120co",
        "\u00c3\u00bbt",
        "\u0120d",
        "'en",
        "viron",
        "\u0120un",
        "\u0120cent",
        "\u0120de",
        "\u0120dollar",
        "\u0120pi\u00c3\u00a8",
        "ce",
        "."
      ],
      "num_tokens": 97,
      "tokens_per_char": 0.26575342465753427
    },
    {
      "original": "Selon les chercheurs principaux, cela pourrait permettre une d\u00e9tection pr\u00e9coce du cancer, de la tuberculose, du VIH et du paludisme chez les patients des pays \u00e0 faible revenu, o\u00f9 le taux de survie \u00e0 des maladies telles que le cancer du sein peut \u00eatre deux fois moins \u00e9lev\u00e9 que dans les pays riches.",