language,language_name,family,perplexity,bpc,gzip_ratio,entropy,avg_tokens,tokens_per_char,avg_char_length,sentence_count
fin,Finnish,Agglutinative,88.58998107910156,1.6908338143397406,0.920476858345021,4.619112988206303,52.12,0.37708001736362323,138.22,50
fra,French,Fusional,15.363834381103516,0.7729926316193009,0.901289745881752,2.716116617226085,42.52,0.2829385147724248,150.28,50
zho_Hans,Mandarin (Simplified),Isolating,30.50558090209961,2.7499424635658007,1.1161898673485695,3.66049252097915,38.04,0.8045685279187818,47.28,50
